{
    "$schema": "https://schema.management.azure.com/schemas/2015-01-01/deploymentTemplate.json#",
    "contentVersion": "1.0.0.0",
    "parameters": {
        "VNETOption": {
            "defaultValue": "Use existing VNET",
            "allowedValues": [
                "Create new VNET",
                "Use existing VNET"
            ],
            "type": "String",
            "metadata": {
                "description": "If creating a new VNET, anything not specified in the template will be deleted."
            }
        },
        "VNETResourceGroup": {
            "defaultValue": "eit-uks-alz-transit-vnet-rg",
            "type": "String",
            "metadata": {
                "description": "If you are deploying a VNET to a different resource than the firewalls, the resource group MUST exist before launch.  If deploying a VNET to the same resource group as the firewalls, leave the field blank or enter the main resource group name."
            }
        },
        "VNETName": {
            "defaultValue": "eit-uks-alz-transit-vnet-01",
            "type": "String",
            "metadata": {
                "description": "Enter a name for the virtual network."
            }
        },
        "VNETPrefix": {
            "defaultValue": "10.216.16.0/22",
            "type": "String",
            "metadata": {
                "description": "Enter a prefix for the virtual network."
            }
        },
        "subnetName-Management": {
            "defaultValue": "eit-alz-t2mgmt-snet-01",
            "type": "String",
            "metadata": {
                "description": "Enter a subnet name for the firewall's management interface."
            }
        },
        "subnetName-Dataplane1": {
            "defaultValue": "eit-alz-t2int-snet-01",
            "type": "String",
            "metadata": {
                "description": "Enter a subnet name for the firewall's first dataplane interface."
            }
        },
        "subnetName-InternalLB": {
            "defaultValue": "eit-alz-t2int-snet-01",
            "type": "String",
            "metadata": {
                "description": "Enter the subnet name for the internal load balancer."
            }
        },
        "subnetPrefix-Management": {
            "defaultValue": "10.216.17.64/26",
            "type": "String",
            "metadata": {
                "description": "Enter a subnet prefix for the firewall's management interface."
            }
        },
        "subnetPrefix-Dataplane1": {
            "defaultValue": "10.216.17.0/26",
            "type": "String",
            "metadata": {
                "description": "Enter a subnet prefix for the firewall's first dataplane interface."
            }
        },
        "subnetPrefix-InternalLB": {
            "defaultValue": "10.216.17.0/26",
            "type": "String",
            "metadata": {
                "description": "Enter a subnet prefix for the internal load balancer."
            }
        },
        "internalLBName": {
            "defaultValue": "eit-uks-alz-t2fw-int-lb",
            "type": "String",
            "metadata": {
                "description": "Enter a name for the internal load balancer."
            }
        },
        "internalLBAddress": {
            "defaultValue": "10.216.17.10",
            "type": "String",
            "metadata": {
                "description": "Enter the frontend private IP of the internal load balancer.  The address must be within the load balancer subnet prefix."
            }
        },
        "healthProbePort": {
            "defaultValue": "22",
            "allowedValues": [
                "22",
                "80",
                "443"
            ],
            "type": "String",
            "metadata": {
                "description": "Select a TCP port for the load balancer's health monitoring."
            }
        },
        "FW1-Name": {
            "defaultValue": "eituksalzt2fwa",
            "type": "String",
            "metadata": {
                "description": "Enter a name for the first firewall."
            }
        },
        "FW1-IPManagement": {
            "defaultValue": "10.216.17.68",
            "type": "String",
            "metadata": {
                "description": "Enter a private IP address for firewall-1's management interface."
            }
        },
        "FW1-IPDataplane1": {
            "defaultValue": "10.216.17.4",
            "type": "String",
            "metadata": {
                "description": "Enter a private IP address for firewall-1's first dataplane interface."
            }
        },
        "FW2-Name": {
            "defaultValue": "eituksalzt2fwb",
            "type": "String",
            "metadata": {
                "description": "Enter a name for the second firewall."
            }
        },
        "FW2-IPManagement": {
            "defaultValue": "10.216.17.69",
            "type": "String",
            "metadata": {
                "description": "Enter a private IP address for firewall-2's management interface."
            }
        },
        "FW2-IPDataplane1": {
            "defaultValue": "10.216.17.5",
            "type": "String",
            "metadata": {
                "description": "Enter a private IP address for firewall-2's first dataplane interface."
            }
        },
        "licenseType": {
            "defaultValue": "byol",
            "allowedValues": [
                "byol",
                "bundle1",
                "bundle2"
            ],
            "type": "String",
            "metadata": {
                "description": "More info: https://docs.paloaltonetworks.com/vm-series/8-1/vm-series-deployment/license-the-vm-series-firewall/license-typesvm-series-firewalls"
            }
        },
        "PANOSVersion": {
            "defaultValue": "latest",
            "allowedValues": [
                "latest",
                "9.1.0",
                "9.0.6",
                "9.0.4",
                "9.0.1",
                "8.1.9",
                "8.1.0",
                "8.0.0",
                "7.1.1"
            ],
            "type": "String",
            "metadata": {
                "description": "Select the PAN-OS version to deploy.  Selecting 'Latest' deploys the latest available image on the Azure Marketplace."
            }
        },
        "VMSize": {
            "defaultValue": "Standard_DS3_v2",
            "allowedValues": [
                "Standard_D3",
                "Standard_D4",
                "Standard_D3_v2",
                "Standard_D4_v2",
                "Standard_A4",
                "Standard_DS3_v2",
                "Standard_DS4_v2",
                "Standard_DS5_v2"
            ],
            "type": "String",
            "metadata": {
                "description": "Select a VM size for the firewalls."
            }
        },
        "OSDiskType": {
            "defaultValue": "Premium_LRS",
            "allowedValues": [
                "Standard_LRS",
                "Premium_LRS"
            ],
            "type": "String",
            "metadata": {
                "description": "Select the storage type for the firewall's OS disk. More info: https://docs.microsoft.com/en-us/azure/virtual-machines/windows/managed-disks-overview"
            }
        },
        "availabilitySetOption": {
            "defaultValue": "Create new availability set",
            "allowedValues": [
                "Create new availability set",
                "Use existing availability set - Must be in firewall/main resource group",
                "Do not use availability set"
            ],
            "type": "String",
            "metadata": {
                "description": "Select an option for the firewall's availability set.  The availability set uses 'aligned' as the SKU."
            }
        },
        "availabilitySetName": {
            "defaultValue": "eituksalzt2fw-avs",
            "type": "String",
            "metadata": {
                "description": "Enter a name for the firewall's availability set.  If you are not using an availability set, enter any string."
            }
        },
        "acceleratedNetworking": {
            "defaultValue": "disable",
            "allowedValues": [
                "enable (Only supported on PAN-OS 9.0 or greater)",
                "disable"
            ],
            "type": "String",
            "metadata": {
                "description": "Enable accelerated networking on the firewall's interfaces.  Only enable if you are deploying PAN-OS 9.0 or greater."
            }
        },
        "applyPublicIPToManagement": {
            "defaultValue": "Yes",
            "allowedValues": [
                "Yes",
                "No"
            ],
            "type": "String",
            "metadata": {
                "description": "Select 'Yes' to add a public IP to the firewall's management interface."
            }
        },
        "applyPublicIPToDataplane1": {
            "defaultValue": "Yes",
            "allowedValues": [
                "Yes",
                "No"
            ],
            "type": "String",
            "metadata": {
                "description": "Select 'Yes' to add a public IP to the firewall's first dataplane interface (i.e. untrust-interface)."
            }
        },
        "NSGName": {
            "defaultValue": "vmseries-nsg",
            "type": "String",
            "metadata": {
                "description": "Enter a name for firewall NSG.  The name entered will have '-mgmt' appended for the mangement NSG and '-data' for the dataplane NSG."
            }
        },
        "NSGSourcePrefix": {
            "defaultValue": "0.0.0.0/0",
            "type": "String",
            "metadata": {
                "description": "Enter a valid address prefix. This address will be able to access the firewall's management interface over TCP/443 (GUI), and TCP/22 (Terminal)."
            }
        },
        "username": {
            "defaultValue": "paadmin",
            "type": "String",
            "metadata": {
                "description": "Enter the firewall's administrator username. DO NOT USE ADMIN OR ROOT."
            }
        },
        "password": {
            "minLength": 12,
            "maxLength": 72,
            "type": "SecureString",
            "metadata": {
                "description": "Enter the firewall's administrator password. Password must be 12-72 characters and must have 3 of the following: 1 lower case character, 1 upper case character, 1 number, and 1 special character that is not slash or hypen."
            }
        },
        "(opt.) BootstrapStorageAccount": {
            "defaultValue": "",
            "type": "String",
            "metadata": {
                "description": "(Optional) To bootstrap the firewalls, enter the Azure storage account name that contains the bootstrap file share."
            }
        },
        "(opt.) BootstrapAccessKey": {
            "defaultValue": "",
            "type": "SecureString",
            "metadata": {
                "description": "(Optional) To bootstrap the firewalls, enter the Azure storage account access key."
            }
        },
        "(opt.) BootstrapFileShareName": {
            "defaultValue": "",
            "type": "String",
            "metadata": {
                "description": "(Optional) To bootstrap the firewalls, enter the name of the Azure storage account file share that contains the bootstrap configuration."
            }
        },
        "(opt.) BootstrapShareDirectory": {
            "defaultValue": "",
            "type": "String",
            "metadata": {
                "description": "(Optional) To bootstrap from multiple bootstrap directories within the same file share, enter the subdirectory hosting the bootstrap files."
            }
        },
        "(opt.) AppendStringToResources": {
            "defaultValue": "",
            "type": "String",
            "metadata": {
                "description": "If the NAME and CONFIGURATION of the created LBs/NSGs/VMs/AVSET/VNET match an existing LBs/NSGs/VMs/AVSET/VNET in the SAME resource group, the template will its skip creation.  If the new resource NAME matches, but the resource CONFIGURATION does not, the template will fail or will overwrite the existing resource."
            }
        }
    },
    "variables": {
        "COMMENT_global": "GLOBAL VARIABLES SHARED AMONG DEPLOYED RESOURCES",
        "global_var_resource_group": "[resourceGroup().name]",
        "global_var_appendedString": "[if(equals(parameters('(opt.) AppendStringToResources'), ''), '', parameters('(opt.) AppendStringToResources'))]",
        "global_var_idleTimeoutInMinutes": 4,
        "global_var_allocationMethod": "Static",
        "global_var_networkVersion": "IPv4",
        "global_var_apiVersion": "2018-06-01",
        "global_var_tier": "Regional",
        "global_var_sku": "Standard",
        "global_vnet_name": "[if(equals(parameters('VNETOption'), 'Use existing VNET'), parameters('VNETName'), take(replace(concat(parameters('VNETName'), variables('global_var_appendedString')), ' ', ''), 64))]",
        "global_vnet_resource_group": "[if(equals(parameters('VNETResourceGroup'), ''), variables('global_var_resource_group'), parameters('VNETResourceGroup'))]",
        "global_vnet_option": "[parameters('VNETOption')]",
        "global_vnet_subnet0_name": "eit-alz-t2mgmt-snet-01",
        "global_vnet_subnet1_name": "eit-alz-t2int-snet-01",
        "global_vnet_subnet2_name": "eit-alz-t2int-snet-01",
        "global_fw_mgmtnsg_name": "eit-uks-alz-t2fw-mgmt-nsg-01",
        "global_fw_dataNsg_name": "eit-uks-alz-t2fw-int-nsg-01",
        "global_fw_interface0_pip_option": "[parameters('applyPublicIPToManagement')]",
        "global_fw_interface1_pip_option": "[parameters('applyPublicIPToDataplane1')]",
        "global_fw_storageAccountType": "[parameters('OSDiskType')]",
        "global_fw_adminUsername": "[parameters('username')]",
        "global_fw_adminPassword": "[parameters('password')]",
        "global_fw_diskSizeGB": 60,
        "global_fw_bootstrap": "[concat('storage-account=', parameters('(opt.) BootstrapStorageAccount'), ',access-key=', parameters('(opt.) BootstrapAccessKey'), ',file-share=', parameters('(opt.) BootstrapFileShareName'), ',share-directory=', parameters('(opt.) BootstrapShareDirectory'))]",
        "global_fw_publisher": "paloaltonetworks",
        "global_fw_license": "[parameters('licenseType')]",
        "global_fw_version": "[parameters('PANOSVersion')]",
        "global_fw_product": "vmseries1",
        "global_fw_vmSize": "[parameters('VMSize')]",
        "global_fw_enableAcceleratedNetworking": "[if(equals(parameters('acceleratedNetworking'), 'enable (Only supported on PAN-OS 9.0 or greater)'), 'true', 'false')]",
        "global_fw_avset_option": "[parameters('availabilitySetOption')]",
        "global_fw_avset_name": "eituksalzt2fw-avs",
        "global_fw_avset_id": {
            "id": "[resourceId('Microsoft.Compute/availabilitySets', variables('global_fw_avset_name'))]"
        },
        "COMMENT_nsg": "NSG TEMPLATE VARIABLES",
        "nsg_mgmt_inbound_rule_name": "allow-inbound-https-ssh",
        "nsg_mgmt_inbound_rule_sourceAddress": "[parameters('NSGSourcePrefix')]",
        "nsg_mgmt_inbound_rule_ports": [
            "22",
            "443"
        ],
        "nsg_data_inbound_rule_name": "allow-all-inbound",
        "nsg_data_outbound_rule_name": "allow-all-outbound",
        "COMMENT_vnet": "NEW VNET TEMPLATE VARIABLES",
        "vnet_cidr": "[parameters('VNETPrefix')]",
        "vnet_subnet0_cidr": "[parameters('subnetPrefix-Management')]",
        "vnet_subnet1_cidr": "[parameters('subnetPrefix-Dataplane1')]",
        "vnet_subnet2_cidr": "[parameters('subnetPrefix-InternalLB')]",
        "COMMENT_internalLb": "INTERNAL LB TEMPLATE VARIABLES",
        "internalLb_name": "[take(replace(concat(parameters('internalLBName'), variables('global_var_appendedString')), ' ', ''), 80)]",
        "internalLb_resource_group": "[resourceGroup().name]",
        "internalLb_frontend_name": "eit-uks-alz-t2-ilb-fe",
        "internalLb_frontend_ip": "[parameters('internalLBAddress')]",
        "internalLb_pool_name": "eit-uks-alz-t2-ilb-be",
        "internalLb_rule_name": "ha-ports",
        "internalLb_rule_port": 0,
        "internalLb_rule_protocol": "All",
        "internalLb_rule_enableTcpReset": "false",
        "internalLb_rule_loadDistribution": "Default",
        "internalLb_rule_enableFloatingIP": true,
        "internalLb_rule_disableOutboundSnat": "false",
        "internalLb_probe_name": "lb-probe-ilb",
        "internalLb_probe_port": "[parameters('healthProbePort')]",
        "internalLb_probe_protocol": "Tcp",
        "internalLb_probe_intervalInSeconds": 5,
        "internalLb_probe_numberOfProbes": 2,
        "COMMENT_avset": "AV SET NESTED TEMPLATE VARIABLES (L. 805-834)",
        "avset_sku": "Aligned",
        "avset_platformUpdateDomainCount": 5,
        "avset_platformFaultDomainCount": 2,
        "COMMENT_fw1": "FW1 TEMPLATE VARIABLES",
        "fw1_computerName": "eituksalzt2fwa",
        "fw1_interface0_name": "eituksalzt2fwa-mgmt-nic-01",
        "fw1_interface1_name": "eituksalzt2fwa-int-nic-01",
        "fw1_interface0_ip": "[parameters('FW1-IPManagement')]",
        "fw1_interface1_ip": "[parameters('FW1-IPDataplane1')]",
        "fw1_interface0_pip_name": "eituksalzt2fwa-pip-01",
        "fw1_interface1_pip_name": "eituksalzt2fwa-pip-02",
        "fw1_interface0_pip_id": {
            "id": "[resourceId('Microsoft.Network/publicIPAddresses', variables('fw1_interface0_pip_name'))]"
        },
        "fw1_interface1_pip_id": {
            "id": "[resourceId('Microsoft.Network/publicIPAddresses', variables('fw1_interface1_pip_name'))]"
        },
        "COMMENT_fw2": "FW2 TEMPLATE VARIABLES",
        "fw2_computerName": "eituksalzt2fwb",
        "fw2_interface0_name": "eituksalzt2fwb-mgmt-nic-01",
        "fw2_interface1_name": "eituksalzt2fwb-int-nic-01",
        "fw2_interface0_ip": "[parameters('FW2-IPManagement')]",
        "fw2_interface1_ip": "[parameters('FW2-IPDataplane1')]",
        "fw2_interface0_pip_name": "eituksalzt2fwb-pip-01",
        "fw2_interface1_pip_name": "eituksalzt2fwb-pip-02",
        "fw2_interface0_pip_id": {
            "id": "[resourceId('Microsoft.Network/publicIPAddresses', variables('fw2_interface0_pip_name'))]"
        },
        "fw2_interface1_pip_id": {
            "id": "[resourceId('Microsoft.Network/publicIPAddresses', variables('fw2_interface1_pip_name'))]"
        }
    },
    "resources": [
        {
            "type": "Microsoft.Resources/deployments",
            "apiVersion": "[variables('global_var_apiVersion')]",
            "name": "CREATE_NSGS",
            "properties": {
                "mode": "Incremental",
                "template": {
                    "$schema": "https://schema.management.azure.com/schemas/2015-01-01/deploymentTemplate.json#",
                    "contentVersion": "1.0.0.0",
                    "resources": [
                        {
                            "type": "Microsoft.Network/networkSecurityGroups",
                            "name": "[variables('global_fw_mgmtnsg_name')]",
                            "apiVersion": "[variables('global_var_apiVersion')]",
                            "location": "[resourceGroup().location]",
                            "tags": {
                                "Business Unit": "Finance",
                                "Major Function": "Enterprise IT",
                                "Cost Centre": "6C040714",
                                "Project Code": "TBC",
                                "Environment": "Live",
                                "Category": "Infrastructure",
                                "Service": "Security",
                                "Role": "NSG",
                                "Service Level": "Gold",
                                "Owner": "TBC",
                                "Support": "TBC",
                                "ScheduledShutdown": "No",
                                "StartupPriority": "10"
                            },
                            "properties": {
                                "securityRules": [
                                    {
                                        "name": "[variables('nsg_mgmt_inbound_rule_name')]",
                                        "properties": {
                                            "protocol": "Tcp",
                                            "sourcePortRange": "*",
                                            "sourceAddressPrefix": "[variables('nsg_mgmt_inbound_rule_sourceAddress')]",
                                            "destinationAddressPrefix": "*",
                                            "access": "Allow",
                                            "priority": "100",
                                            "direction": "Inbound",
                                            "sourcePortRanges": [],
                                            "destinationPortRanges": "[variables('nsg_mgmt_inbound_rule_ports')]",
                                            "sourceAddressPrefixes": [],
                                            "destinationAddressPrefixes": []
                                        }
                                    }
                                ]
                            }
                        },
                        {
                            "type": "Microsoft.Network/networkSecurityGroups",
                            "name": "[variables('global_fw_dataNsg_name')]",
                            "apiVersion": "[variables('global_var_apiVersion')]",
                            "location": "[resourceGroup().location]",
                            "tags": {
                                "Business Unit": "Finance",
                                "Major Function": "Enterprise IT",
                                "Cost Centre": "6C040714",
                                "Project Code": "TBC",
                                "Environment": "Live",
                                "Category": "Infrastructure",
                                "Service": "Security",
                                "Role": "NSG",
                                "Service Level": "Gold",
                                "Owner": "TBC",
                                "Support": "TBC",
                                "ScheduledShutdown": "No",
                                "StartupPriority": "10"
                            },
                            "properties": {
                                "securityRules": [
                                    {
                                        "name": "[variables('nsg_data_inbound_rule_name')]",
                                        "properties": {
                                            "protocol": "*",
                                            "sourcePortRange": "*",
                                            "destinationPortRange": "*",
                                            "sourceAddressPrefix": "*",
                                            "destinationAddressPrefix": "*",
                                            "access": "Allow",
                                            "priority": "100",
                                            "direction": "Inbound",
                                            "sourcePortRanges": [],
                                            "destinationPortRanges": [],
                                            "sourceAddressPrefixes": [],
                                            "destinationAddressPrefixes": []
                                        }
                                    },
                                    {
                                        "name": "[variables('nsg_data_outbound_rule_name')]",
                                        "properties": {
                                            "protocol": "*",
                                            "sourcePortRange": "*",
                                            "destinationPortRange": "*",
                                            "sourceAddressPrefix": "*",
                                            "destinationAddressPrefix": "*",
                                            "access": "Allow",
                                            "priority": "100",
                                            "direction": "Outbound",
                                            "sourcePortRanges": [],
                                            "destinationPortRanges": [],
                                            "sourceAddressPrefixes": [],
                                            "destinationAddressPrefixes": []
                                        }
                                    }
                                ]
                            }
                        }
                    ]
                }
            },
            "resourceGroup": "[resourceGroup().name]"
        },
        {
            "type": "Microsoft.Resources/deployments",
            "apiVersion": "[variables('global_var_apiVersion')]",
            "name": "CREATE_VNET",
            "properties": {
                "mode": "Incremental",
                "template": {
                    "$schema": "https://schema.management.azure.com/schemas/2015-01-01/deploymentTemplate.json#",
                    "contentVersion": "1.0.0.0",
                    "resources": [
                        {
                            "type": "Microsoft.Network/virtualNetworks",
                            "name": "[variables('global_vnet_name')]",
                            "apiVersion": "[variables('global_var_apiVersion')]",
                            "location": "[resourceGroup().location]",
                            "properties": {
                                "addressSpace": {
                                    "addressPrefixes": [
                                        "[variables('vnet_cidr')]"
                                    ]
                                },
                                "subnets": [
                                    {
                                        "name": "[variables('global_vnet_subnet0_name')]",
                                        "properties": {
                                            "addressPrefix": "[variables('vnet_subnet0_cidr')]"
                                        }
                                    },
                                    {
                                        "name": "[variables('global_vnet_subnet1_name')]",
                                        "properties": {
                                            "addressPrefix": "[variables('vnet_subnet1_cidr')]"
                                        }
                                    },
                                    {
                                        "name": "[variables('global_vnet_subnet2_name')]",
                                        "properties": {
                                            "addressPrefix": "[variables('vnet_subnet2_cidr')]"
                                        }
                                    }
                                ]
                            }
                        }
                    ]
                }
            },
            "resourceGroup": "[variables('global_vnet_resource_group')]",
            "condition": "[equals(variables('global_vnet_option'), 'Create new VNET')]"
        },
        {
            "type": "Microsoft.Resources/deployments",
            "apiVersion": "[variables('global_var_apiVersion')]",
            "name": "CREATE_INTERNALLB",
            "dependsOn": [
                "CREATE_VNET"
            ],
            "properties": {
                "mode": "Incremental",
                "template": {
                    "$schema": "https://schema.management.azure.com/schemas/2015-01-01/deploymentTemplate.json#",
                    "contentVersion": "1.0.0.0",
                    "resources": [
                        {
                            "type": "Microsoft.Network/loadBalancers",
                            "sku": {
                                "name": "[variables('global_var_sku')]",
                                "tier": "[variables('global_var_tier')]"
                            },
                            "name": "[variables('internalLb_name')]",
                            "apiVersion": "[variables('global_var_apiVersion')]",
                            "location": "[resourceGroup().location]",
                            "tags": {
                                "Business Unit": "Finance",
                                "Major Function": "Enterprise IT",
                                "Cost Centre": "6C040714",
                                "Project Code": "TBC",
                                "Environment": "Live",
                                "Category": "Infrastructure",
                                "Service": "Security",
                                "Role": "Tier-2 Internal LB",
                                "Service Level": "Gold",
                                "Owner": "TBC",
                                "Support": "TBC",
                                "ScheduledShutdown": "No",
                                "StartupPriority": "10"
                            },
                            "properties": {
                                "frontendIPConfigurations": [
                                    {
                                        "name": "[variables('internalLb_frontend_name')]",
                                        "properties": {
                                            "privateIPAddress": "[variables('internalLb_frontend_ip')]",
                                            "privateIPAllocationMethod": "[variables('global_var_allocationMethod')]",
                                            "subnet": {
                                                "id": "[concat(resourceId(variables('global_vnet_resource_group'), 'Microsoft.Network/virtualNetworks', variables('global_vnet_name')), '/subnets/', variables('global_vnet_subnet2_name'))]"
                                            }
                                        }
                                    }
                                ],
                                "backendAddressPools": [
                                    {
                                        "name": "[variables('internalLb_pool_name')]"
                                    }
                                ],
                                "loadBalancingRules": [
                                    {
                                        "name": "[variables('internalLb_rule_name')]",
                                        "properties": {
                                            "frontendIPConfiguration": {
                                                "id": "[concat(resourceId(variables('internalLb_resource_group'), 'Microsoft.Network/loadBalancers', variables('internalLb_name')), '/frontendIPConfigurations/', variables('internalLb_frontend_name'))]"
                                            },
                                            "frontendPort": "[variables('internalLb_rule_port')]",
                                            "backendPort": "[variables('internalLb_rule_port')]",
                                            "enableFloatingIP": "[variables('internalLb_rule_enableFloatingIP')]",
                                            "idleTimeoutInMinutes": "[variables('global_var_idleTimeoutInMinutes')]",
                                            "protocol": "[variables('internalLb_rule_protocol')]",
                                            "enableTcpReset": "[variables('internalLb_rule_enableTcpReset')]",
                                            "loadDistribution": "[variables('internalLb_rule_loadDistribution')]",
                                            "disableOutboundSnat": "[variables('internalLb_rule_disableOutboundSnat')]",
                                            "backendAddressPool": {
                                                "id": "[concat(resourceId(variables('internalLb_resource_group'), 'Microsoft.Network/loadBalancers', variables('internalLb_name')), '/backendAddressPools/', variables('internalLb_pool_name'))]"
                                            },
                                            "probe": {
                                                "id": "[concat(resourceId(variables('internalLb_resource_group'), 'Microsoft.Network/loadBalancers', variables('internalLb_name')), '/probes/', variables('internalLb_probe_name'))]"
                                            }
                                        }
                                    }
                                ],
                                "probes": [
                                    {
                                        "name": "[variables('internalLb_probe_name')]",
                                        "properties": {
                                            "protocol": "[variables('internalLb_probe_protocol')]",
                                            "port": "[variables('internalLb_probe_port')]",
                                            "intervalInSeconds": "[variables('internalLb_probe_intervalInSeconds')]",
                                            "numberOfProbes": "[variables('internalLb_probe_numberOfProbes')]"
                                        }
                                    }
                                ]
                            }
                        }
                    ]
                }
            },
            "resourceGroup": "[variables('internalLb_resource_group')]"
        },
        {
            "type": "Microsoft.Resources/deployments",
            "apiVersion": "[variables('global_var_apiVersion')]",
            "name": "CREATE_AVSET",
            "properties": {
                "mode": "Incremental",
                "template": {
                    "$schema": "https://schema.management.azure.com/schemas/2015-01-01/deploymentTemplate.json#",
                    "contentVersion": "1.0.0.0",
                    "resources": [
                        {
                            "type": "Microsoft.Compute/availabilitySets",
                            "sku": {
                                "name": "[variables('avset_sku')]"
                            },
                            "name": "[variables('global_fw_avset_name')]",
                            "apiVersion": "[variables('global_var_apiVersion')]",
                            "location": "[resourceGroup().location]",
                            "tags": {
                                "Business Unit": "Finance",
                                "Major Function": "Enterprise IT",
                                "Cost Centre": "6C040714",
                                "Project Code": "TBC",
                                "Environment": "Live",
                                "Category": "Infrastructure",
                                "Service": "Security",
                                "Role": "Tier-2 Firewall Availability Set",
                                "Service Level": "Gold",
                                "Owner": "TBC",
                                "Support": "TBC",
                                "ScheduledShutdown": "No",
                                "StartupPriority": "10"
                            },
                            "properties": {
                                "platformUpdateDomainCount": "[variables('avset_platformUpdateDomainCount')]",
                                "platformFaultDomainCount": "[variables('avset_platformFaultDomainCount')]"
                            }
                        }
                    ]
                }
            },
            "resourceGroup": "[resourceGroup().name]",
            "condition": "[equals(variables('global_fw_avset_option'), 'Create new availability set')]"
        },
        {
            "type": "Microsoft.Resources/deployments",
            "apiVersion": "[variables('global_var_apiVersion')]",
            "name": "CREATE_FW1",
            "dependsOn": [
                "CREATE_VNET",
                "CREATE_AVSET",
                "CREATE_NSGS",
                "CREATE_INTERNALLB"
            ],
            "properties": {
                "mode": "Incremental",
                "template": {
                    "$schema": "https://schema.management.azure.com/schemas/2015-01-01/deploymentTemplate.json#",
                    "contentVersion": "1.0.0.0",
                    "resources": [
                        {
                            "condition": "[equals(variables('global_fw_interface0_pip_option'), 'Yes')]",
                            "type": "Microsoft.Network/publicIPAddresses",
                            "sku": {
                                "name": "[variables('global_var_sku')]",
                                "tier": "[variables('global_var_tier')]"
                            },
                            "name": "[variables('fw1_interface0_pip_name')]",
                            "apiVersion": "[variables('global_var_apiVersion')]",
                            "location": "[resourceGroup().location]",
                            "properties": {
                                "publicIPAddressVersion": "[variables('global_var_networkVersion')]",
                                "publicIPAllocationMethod": "[variables('global_var_allocationMethod')]",
                                "idleTimeoutInMinutes": "[variables('global_var_idleTimeoutInMinutes')]"
                            }
                        },
                        {
                            "condition": "[equals(variables('global_fw_interface1_pip_option'), 'Yes')]",
                            "type": "Microsoft.Network/publicIPAddresses",
                            "sku": {
                                "name": "[variables('global_var_sku')]",
                                "tier": "[variables('global_var_tier')]"
                            },
                            "name": "[variables('fw1_interface1_pip_name')]",
                            "apiVersion": "[variables('global_var_apiVersion')]",
                            "location": "[resourceGroup().location]",
                            "properties": {
                                "publicIPAddressVersion": "[variables('global_var_networkVersion')]",
                                "publicIPAllocationMethod": "[variables('global_var_allocationMethod')]",
                                "idleTimeoutInMinutes": "[variables('global_var_idleTimeoutInMinutes')]"
                            }
                        },
                        {
                            "type": "Microsoft.Network/networkInterfaces",
                            "name": "[variables('fw1_interface0_name')]",
                            "apiVersion": "[variables('global_var_apiVersion')]",
                            "location": "[resourceGroup().location]",
                            "properties": {
                                "ipConfigurations": [
                                    {
                                        "name": "ipconfig1",
                                        "properties": {
                                            "privateIpAddress": "[variables('fw1_interface0_ip')]",
                                            "privateIPAllocationMethod": "[variables('global_var_allocationMethod')]",
                                            "publicIpAddress": "[if(equals(variables('global_fw_interface0_pip_option'), 'Yes'), variables('fw1_interface0_pip_id'), json('null'))]",
                                            "subnet": {
                                                "id": "[concat(resourceId(variables('global_vnet_resource_group'), 'Microsoft.Network/virtualNetworks', variables('global_vnet_name')), '/subnets/', variables('global_vnet_subnet0_name'))]"
                                            },
                                            "primary": true,
                                            "privateIPAddressVersion": "[variables('global_var_networkVersion')]"
                                        }
                                    }
                                ],
                                "enableAcceleratedNetworking": "[variables('global_fw_enableAcceleratedNetworking')]",
                                "enableIPForwarding": false,
                                "networkSecurityGroup": {
                                    "id": "[resourceId('Microsoft.Network/networkSecurityGroups', variables('global_fw_mgmtnsg_name'))]"
                                },
                                "tapConfigurations": []
                            },
                            "dependsOn": [
                                "[resourceId('Microsoft.Network/publicIPAddresses/', variables('fw1_interface0_pip_name'))]"
                            ]
                        },
                        {
                            "type": "Microsoft.Network/networkInterfaces",
                            "name": "[variables('fw1_interface1_name')]",
                            "apiVersion": "[variables('global_var_apiVersion')]",
                            "location": "[resourceGroup().location]",
                            "properties": {
                                "ipConfigurations": [
                                    {
                                        "name": "ipconfig1",
                                        "properties": {
                                            "privateIpAddress": "[variables('fw1_interface1_ip')]",
                                            "privateIPAllocationMethod": "[variables('global_var_allocationMethod')]",
                                            "publicIpAddress": "[if(equals(variables('global_fw_interface1_pip_option'), 'Yes'), variables('fw1_interface1_pip_id'), json('null'))]",
                                            "subnet": {
                                                "id": "[concat(resourceId(variables('global_vnet_resource_group'), 'Microsoft.Network/virtualNetworks', variables('global_vnet_name')), '/subnets/', variables('global_vnet_subnet1_name'))]"
                                            },
                                            "primary": true,
                                            "privateIPAddressVersion": "[variables('global_var_networkVersion')]",
                                            "loadBalancerBackendAddressPools": [
                                                {
                                                    "id": "[concat(resourceId(variables('internalLb_resource_group'), 'Microsoft.Network/loadBalancers', variables('internalLb_name')), '/backendAddressPools/', variables('internalLb_pool_name'))]"
                                                }
                                            ]
                                        }
                                    }
                                ],
                                "enableAcceleratedNetworking": "[variables('global_fw_enableAcceleratedNetworking')]",
                                "enableIPForwarding": true,
                                "networkSecurityGroup": {
                                    "id": "[resourceId('Microsoft.Network/networkSecurityGroups', variables('global_fw_dataNsg_name'))]"
                                },
                                "tapConfigurations": []
                            },
                            "dependsOn": [
                                "[resourceId('Microsoft.Network/publicIPAddresses/', variables('fw1_interface1_pip_name'))]"
                            ]
                        },
                        {
                            "type": "Microsoft.Compute/virtualMachines",
                            "name": "[variables('fw1_computerName')]",
                            "apiVersion": "[variables('global_var_apiVersion')]",
                            "location": "[resourceGroup().location]",
                            "tags": {
                                "Business Unit": "Finance",
                                "Major Function": "Enterprise IT",
                                "Cost Centre": "6C040714",
                                "Project Code": "TBC",
                                "Environment": "Live",
                                "Category": "Infrastructure",
                                "Service": "Security",
                                "Role": "Tier-2 Firewall",
                                "Service Level": "Gold",
                                "Owner": "TBC",
                                "Support": "TBC",
                                "ScheduledShutdown": "No",
                                "StartupPriority": "10"
                            },
                            "plan": {
                                "name": "[variables('global_fw_license')]",
                                "product": "[variables('global_fw_product')]",
                                "publisher": "[variables('global_fw_publisher')]"
                            },
                            "properties": {
                                "availabilitySet": "[if(equals(variables('global_fw_avset_option'), 'Do not use availability set'), json('null'), variables('global_fw_avset_id'))]",
                                "hardwareProfile": {
                                    "vmSize": "[variables('global_fw_vmSize')]"
                                },
                                "storageProfile": {
                                    "imageReference": {
                                        "publisher": "[variables('global_fw_publisher')]",
                                        "offer": "[variables('global_fw_product')]",
                                        "sku": "[variables('global_fw_license')]",
                                        "version": "[variables('global_fw_version')]"
                                    },
                                    "osDisk": {
                                        "name": "eituksalzt2fwa-osdisk",
                                        "createOption": "FromImage",
                                        "caching": "ReadWrite",
                                        "managedDisk": {
                                            "storageAccountType": "[variables('global_fw_storageAccountType')]"
                                        },
                                        "diskSizeGB": "[variables('global_fw_diskSizeGB')]"
                                    }
                                },
                                "osProfile": {
                                    "computerName": "[variables('fw1_computerName')]",
                                    "adminUsername": "[variables('global_fw_adminUsername')]",
                                    "adminPassword": "[variables('global_fw_adminPassword')]",
                                    "customData": "[base64(variables('global_fw_bootstrap'))]"
                                },
                                "networkProfile": {
                                    "networkInterfaces": [
                                        {
                                            "id": "[resourceId('Microsoft.Network/networkInterfaces', variables('fw1_interface0_name'))]",
                                            "properties": {
                                                "primary": true
                                            }
                                        },
                                        {
                                            "id": "[resourceId('Microsoft.Network/networkInterfaces', variables('fw1_interface1_name'))]",
                                            "properties": {
                                                "primary": false
                                            }
                                        }
                                    ]
                                }
                            },
                            "dependsOn": [
                                "[resourceId('Microsoft.Network/networkInterfaces', variables('fw1_interface0_name'))]",
                                "[resourceId('Microsoft.Network/networkInterfaces', variables('fw1_interface1_name'))]"
                            ]
                        }
                    ]
                }
            },
            "resourceGroup": "[resourceGroup().name]"
        },
        {
            "type": "Microsoft.Resources/deployments",
            "apiVersion": "[variables('global_var_apiVersion')]",
            "name": "CREATE_FW2",
            "dependsOn": [
                "CREATE_VNET",
                "CREATE_AVSET",
                "CREATE_NSGS",
                "CREATE_INTERNALLB"
            ],
            "properties": {
                "mode": "Incremental",
                "template": {
                    "$schema": "https://schema.management.azure.com/schemas/2015-01-01/deploymentTemplate.json#",
                    "contentVersion": "1.0.0.0",
                    "resources": [
                        {
                            "condition": "[equals(variables('global_fw_interface0_pip_option'), 'Yes')]",
                            "type": "Microsoft.Network/publicIPAddresses",
                            "sku": {
                                "name": "[variables('global_var_sku')]",
                                "tier": "[variables('global_var_tier')]"
                            },
                            "name": "[variables('fw2_interface0_pip_name')]",
                            "apiVersion": "[variables('global_var_apiVersion')]",
                            "location": "[resourceGroup().location]",
                            "properties": {
                                "publicIPAddressVersion": "[variables('global_var_networkVersion')]",
                                "publicIPAllocationMethod": "[variables('global_var_allocationMethod')]",
                                "idleTimeoutInMinutes": "[variables('global_var_idleTimeoutInMinutes')]"
                            }
                        },
                        {
                            "condition": "[equals(variables('global_fw_interface1_pip_option'), 'Yes')]",
                            "type": "Microsoft.Network/publicIPAddresses",
                            "sku": {
                                "name": "[variables('global_var_sku')]",
                                "tier": "[variables('global_var_tier')]"
                            },
                            "name": "[variables('fw2_interface1_pip_name')]",
                            "apiVersion": "[variables('global_var_apiVersion')]",
                            "location": "[resourceGroup().location]",
                            "properties": {
                                "publicIPAddressVersion": "[variables('global_var_networkVersion')]",
                                "publicIPAllocationMethod": "[variables('global_var_allocationMethod')]",
                                "idleTimeoutInMinutes": "[variables('global_var_idleTimeoutInMinutes')]"
                            }
                        },
                        {
                            "type": "Microsoft.Network/networkInterfaces",
                            "name": "[variables('fw2_interface0_name')]",
                            "apiVersion": "[variables('global_var_apiVersion')]",
                            "location": "[resourceGroup().location]",
                            "properties": {
                                "ipConfigurations": [
                                    {
                                        "name": "ipconfig1",
                                        "properties": {
                                            "privateIpAddress": "[variables('fw2_interface0_ip')]",
                                            "privateIPAllocationMethod": "[variables('global_var_allocationMethod')]",
                                            "publicIpAddress": "[if(equals(variables('global_fw_interface0_pip_option'),'Yes'), variables('fw2_interface0_pip_id'), json('null'))]",
                                            "subnet": {
                                                "id": "[concat(resourceId(variables('global_vnet_resource_group'), 'Microsoft.Network/virtualNetworks', variables('global_vnet_name')), '/subnets/', variables('global_vnet_subnet0_name'))]"
                                            },
                                            "primary": true,
                                            "privateIPAddressVersion": "[variables('global_var_networkVersion')]"
                                        }
                                    }
                                ],
                                "enableAcceleratedNetworking": "[variables('global_fw_enableAcceleratedNetworking')]",
                                "enableIPForwarding": false,
                                "networkSecurityGroup": {
                                    "id": "[resourceId('Microsoft.Network/networkSecurityGroups', variables('global_fw_mgmtnsg_name'))]"
                                },
                                "tapConfigurations": []
                            },
                            "dependsOn": [
                                "[resourceId('Microsoft.Network/publicIPAddresses/', variables('fw2_interface0_pip_name'))]"
                            ]
                        },
                        {
                            "type": "Microsoft.Network/networkInterfaces",
                            "name": "[variables('fw2_interface1_name')]",
                            "apiVersion": "[variables('global_var_apiVersion')]",
                            "location": "[resourceGroup().location]",
                            "properties": {
                                "ipConfigurations": [
                                    {
                                        "name": "ipconfig1",
                                        "properties": {
                                            "privateIpAddress": "[variables('fw2_interface1_ip')]",
                                            "privateIPAllocationMethod": "[variables('global_var_allocationMethod')]",
                                            "publicIpAddress": "[if(equals(variables('global_fw_interface1_pip_option'),'Yes'), variables('fw2_interface1_pip_id'), json('null'))]",
                                            "subnet": {
                                                "id": "[concat(resourceId(variables('global_vnet_resource_group'), 'Microsoft.Network/virtualNetworks', variables('global_vnet_name')), '/subnets/', variables('global_vnet_subnet1_name'))]"
                                            },
                                            "primary": true,
                                            "privateIPAddressVersion": "[variables('global_var_networkVersion')]",
                                            "loadBalancerBackendAddressPools": [
                                                {
                                                    "id": "[concat(resourceId(variables('internalLb_resource_group'), 'Microsoft.Network/loadBalancers', variables('internalLb_name')), '/backendAddressPools/', variables('internalLb_pool_name'))]"
                                                }
                                            ]
                                        }
                                    }
                                ],
                                "enableAcceleratedNetworking": "[variables('global_fw_enableAcceleratedNetworking')]",
                                "enableIPForwarding": true,
                                "networkSecurityGroup": {
                                    "id": "[resourceId('Microsoft.Network/networkSecurityGroups', variables('global_fw_dataNsg_name'))]"
                                },
                                "tapConfigurations": []
                            },
                            "dependsOn": [
                                "[resourceId('Microsoft.Network/publicIPAddresses/', variables('fw2_interface1_pip_name'))]"
                            ]
                        },
                        {
                            "type": "Microsoft.Compute/virtualMachines",
                            "name": "[variables('fw2_computerName')]",
                            "apiVersion": "[variables('global_var_apiVersion')]",
                            "location": "[resourceGroup().location]",
                            "tags": {
                                "Business Unit": "Finance",
                                "Major Function": "Enterprise IT",
                                "Cost Centre": "6C040714",
                                "Project Code": "TBC",
                                "Environment": "Live",
                                "Category": "Infrastructure",
                                "Service": "Security",
                                "Role": "Tier-2 Firewall",
                                "Service Level": "Gold",
                                "Owner": "TBC",
                                "Support": "TBC",
                                "ScheduledShutdown": "No",
                                "StartupPriority": "10"
                            },
                            "plan": {
                                "name": "[variables('global_fw_license')]",
                                "product": "[variables('global_fw_product')]",
                                "publisher": "[variables('global_fw_publisher')]"
                            },
                            "properties": {
                                "availabilitySet": "[if(equals(variables('global_fw_avset_option'),'Do not use availability set'), json('null'), variables('global_fw_avset_id'))]",
                                "hardwareProfile": {
                                    "vmSize": "[variables('global_fw_vmSize')]"
                                },
                                "storageProfile": {
                                    "imageReference": {
                                        "publisher": "[variables('global_fw_publisher')]",
                                        "offer": "[variables('global_fw_product')]",
                                        "sku": "[variables('global_fw_license')]",
                                        "version": "[variables('global_fw_version')]"
                                    },
                                    "osDisk": {
                                        "name": "eituksalzt2fwb-osdisk",
                                        "createOption": "FromImage",
                                        "caching": "ReadWrite",
                                        "managedDisk": {
                                            "storageAccountType": "[variables('global_fw_storageAccountType')]"
                                        },
                                        "diskSizeGB": "[variables('global_fw_diskSizeGB')]"
                                    }
                                },
                                "osProfile": {
                                    "computerName": "[variables('fw2_computerName')]",
                                    "adminUsername": "[variables('global_fw_adminUsername')]",
                                    "adminPassword": "[variables('global_fw_adminPassword')]",
                                    "customData": "[base64(variables('global_fw_bootstrap'))]"
                                },
                                "networkProfile": {
                                    "networkInterfaces": [
                                        {
                                            "id": "[resourceId('Microsoft.Network/networkInterfaces', variables('fw2_interface0_name'))]",
                                            "properties": {
                                                "primary": true
                                            }
                                        },
                                        {
                                            "id": "[resourceId('Microsoft.Network/networkInterfaces', variables('fw2_interface1_name'))]",
                                            "properties": {
                                                "primary": false
                                            }
                                        }
                                    ]
                                }
                            },
                            "dependsOn": [
                                "[resourceId('Microsoft.Network/networkInterfaces', variables('fw2_interface0_name'))]",
                                "[resourceId('Microsoft.Network/networkInterfaces', variables('fw2_interface1_name'))]"
                            ]
                        }
                    ]
                }
            },
            "resourceGroup": "[resourceGroup().name]"
        }
    ]
}
