{
    "repositories": [
        {
            "repo_name": "Connectivity",
            "branches": [
                {
                    "name": "features/baseline",
                    "policies": {
                        "approver_count": {
                            "apply": false,
                            "creator_vote_counts": false,
                            "minimum_approver_count": 4,
                            "reset_on_source_push": true,
                            "allow_downvotes": false
                        },
                        "case_enforcement": {
                            "apply": false
                        },
                        "comment_required": {
                            "apply": false
                        },
                        "merge_strategy": {
                            "apply": false,
                            "allow_no_fast_forward": true,
                            "allow_rebase": false,
                            "allow_rebase_merge": false,
                            "allow_squash": false
                        },
                        "work_item_linking": {
                            "apply": false
                        },
                        "required_reviewer": {
                            "apply": false,
                            "path_filter": "",
                            "required_reviewer_emails": "porta.ivan@outlook.com",
                            "message": "Ivan in required"
                        },
                        "build": {
                            "apply": false,
                            "valid_duration": 30,
                            "queue_on_source_update_only": true,
                            "manual_queue_only": true,
                            "display_name": "build validation",
                            "build_definition_name": "Azure_DNS"
                        }
                    }
                },
                {
                    "name": "releases/baseline",
                    "policies": {
                        "approver_count": {
                            "apply": false,
                            "creator_vote_counts": false,
                            "minimum_approver_count": 4,
                            "reset_on_source_push": true,
                            "allow_downvotes": false
                        },
                        "case_enforcement": {
                            "apply": false
                        },
                        "comment_required": {
                            "apply": false
                        },
                        "merge_strategy": {
                            "apply": false,
                            "allow_no_fast_forward": true,
                            "allow_rebase": false,
                            "allow_rebase_merge": false,
                            "allow_squash": false
                        },
                        "work_item_linking": {
                            "apply": false
                        },
                        "required_reviewer": {
                            "apply": false,
                            "path_filter": "",
                            "required_reviewer_emails": "porta.ivan@outlook.com",
                            "message": "Ivan in required"
                        },
                        "build": {
                            "apply": false,
                            "valid_duration": 30,
                            "queue_on_source_update_only": true,
                            "manual_queue_only": true,
                            "display_name": "build validation",
                            "build_definition_name": "Azure_DNS"
                        }
                    }
                }
            ]
        }
    ],
    "global-repo-policies": {
        "approver_count": [
            {
                "repository_name": "Azure_DNS",
                "branch_name": "releases",
                "branch_match_type": "prefix",
                "creator_vote_counts": false,
                "minimum_approver_count": 4,
                "reset_on_source_push": true,
                "allow_downvotes": false
            }
        ],
        "case_enforcement": [
            {
                "repository_name": "Azure_DNS"
            }
        ],
        "comment_required": [
            {
                "repository_name": "Azure_DNS",
                "branch_name": "releases",
                "branch_match_type": "prefix"
            }
        ],
        "merge_strategy": [
            {
                "repository_name": "Azure_DNS",
                "branch_name": "releases",
                "branch_match_type": "prefix",
                "allow_no_fast_forward": true,
                "allow_rebase": false,
                "allow_rebase_merge": false,
                "allow_squash": false
            }
        ],
        "work_item_linking": [
            {
                "repository_name": "Azure_DNS",
                "branch_name": "releases",
                "branch_match_type": "prefix"
            }
        ],
        "required_reviewer": [
            {
                "repository_name": "Azure_DNS",
                "branch_name": "releases",
                "branch_match_type": "prefix",
                "path_filter": "",
                "required_reviewer_emails": "porta.ivan@outlook.com",
                "message": "Ivan in required"
            }
        ],
        "build": [
            {
                "repository_name": "Azure_DNS",
                "branch_name": "releases",
                "branch_match_type": "prefix",
                "valid_duration": 30,
                "queue_on_source_update_only": true,
                "manual_queue_only": true,
                "display_name": "build validation",
                "build_definition_name": "Azure_DNS"
            }
        ]
    }
}