{
    "environments": [
        {
            "name": "Connectivity",
            "description": "Connectivity production environment",
            "security_groups_name": [
                {
                    "name": "Connectivity approvers",
                    "role_name": "User"
                }
            ]
        },
        {
            "name": "Identity",
            "description": "Identity production environment",
            "security_groups_name": [
                {
                    "name": "Identity approvers",
                    "role_name": "User"
                }
            ]
        },
        {
            "name": "Management",
            "description": "Management production environment",
            "security_groups_name": [
                {
                    "name": "Management approvers",
                    "role_name": "User"
                }
            ]
        },
        {
            "name": "Landing Zone",
            "description": "Landing Zone production environment",
            "security_groups_name": [
                {
                    "name": "Landing Zone approvers",
                    "role_name": "User"
                }
            ]
        }
    ]
}