{
    "security_groups": [
        {
            "name": "Connectivity approvers",
            "description": "Users who are allowed to approve the deployment of the Terraform configuration to the production environment"
        },
        {
            "name": "Identity approvers",
            "description": "Users who are allowed to approve the deployment of the Terraform configuration to the production environment"
        },
        {
            "name": "Management approvers",
            "description": "Users who are allowed to approve the deployment of the Terraform configuration to the production environment"
        },
        {
            "name": "Azure DNS approvers",
            "description": "Users who are allowed to approve the deployment of the Terraform configuration to the production environment"
        },
        {
            "name": "Azure Firewall approvers",
            "description": "Users who are allowed to approve the deployment of the Terraform configuration to the production environment"
        },
        {
            "name": "Landing Zone approvers",
            "description": "Users who are allowed to approve the deployment of the Terraform configuration to the production environment"
        },
        {
            "name": "Security approvers",
            "description": "Users who are allowed to approve the deployment of the Terraform configuration to the production environment"
        }
    ]
}