{
    "service_endpoints": [
        {
            "azurerm": [
                {
                    "name": "AzureTestSC",
                    "tenant_id": "e0793d39-0939-496d-b129-198edd916feb",
                    "subscription_name": "Visual Studio Professional Subscription",
                    "subscription_id": "8dce4f3c-e881-4c48-a73d-0206276784f2",
                    "service_principal_id": "58aab664-a402-4550-967f-bff036d81216",
                    "service_principal_key": "3ee6fa9a-9591-4401-a74a-21168886c4e3"
                }
            ],
            "github": [
                {
                    "name": "GitHubTestSC",
                    "url": "https://github.com/HarmohanSingh15",
                    "token": "3ee6fa9a-9591-4401-a74a-21168886c4e3"
                }
            ]
        }
    ]
}