{
    "variable_groups": [
        {
            "name": "DevOpsSampleVariableGroup",
            "description": "Sample Variable Group",
            "variables": [
                {
                    "key":"StorageAccountName",
                    "value":"insert-here-the-name-of-your-storage-account",
                    "isSecret": false
                },
                {
                    "key":"StorageAccountContainerName",
                    "value":"insert-here-the-name-of-your-storage-account-container-name",
                    "isSecret": false
                },
                {
                    "key":"StorageAccountContainerKey",
                    "value":"insert-here-the-name-of-your-storage-account-container-key",
                    "isSecret": true
                }
            ]
        }
    ]
}